latitude,longitude,altitude,geometry,street,neighbourhood,currentResult,votesTotal,osmnodeid,marker-color,comment
49.611785,6.14256,,Point,Rue de la Tour Jacob,Clausen,2,5,node/35350758,#FF0000,
49.6064,6.106448,,Point,Rue Astrid,Belair,0,5,node/61871155,#FFD700,
49.608948,6.117135,,Point,Avenue du Dix Septembre,Belair,2,5,node/61871162,#FF0000,
49.609116,6.161788,,Point,Rue de Hamm,Hamm,2,5,node/65199733,#FF0000,
49.607081,6.15528,,Point,Rue de Hamm,Hamm,2,11,node/65200123,#FF0000,
49.605762,6.152863,,Point,Rue de Hamm,Pulvermuhl,2,5,node/65256588,#FF0000,
49.610087,6.167096,,Point,Rue de Hamm,Hamm,2,8,node/65489248,#FF0000,
49.61446,6.164714,,Point,Beim Fetschebuer,Hamm,0,6,node/68603608,#FFD700,
49.597366,6.140056,,Point,Rue Pierre Krier,Bonnevoie,2,6,node/69143231,#FF0000,
49.597739,6.143158,,Point,Boulevard Robert Baden-Powell,Bonnevoie,2,6,node/69144212,#FF0000,
49.596485,6.140984,,Point,Rue Jean-Baptiste Gellé,Bonnevoie,2,6,node/69211039,#FF0000,
49.613825,6.144678,,Point,Rue de Clausen,Clausen,2,5,node/70600534,#FF0000,
49.617336,6.15222,,Point,Rue de Neudorf,Clausen,0,5,node/70600546,#FFD700,
49.618072,6.154385,,Point,Rue de Neudorf,Clausen,2,5,node/70600549,#FF0000,
49.620768,6.160421,,Point,Rue de Neudorf,Clausen,2,5,node/70600555,#FF0000,
49.62376,6.174696,,Point,Rue de Neudorf,Neudorf-Weimershof,2,5,node/70600582,#FF0000,
49.623758,6.177505,,Point,Rue de Neudorf,Neudorf-Weimershof,10,5,node/70600587,#FFD700,
49.605927,6.125243,,Point,Boulevard de la Pétrusse,Gare,2,5,node/70601999,#FF0000,
49.597279,6.150222,,Point,Rue Jean-François Gangler,Bonnevoie,0,5,node/70824150,#FFD700,
49.595264,6.153013,,Point,Boulevard Kaltreis,Bonnevoie,2,5,node/70825705,#FF0000,
49.610308,6.107519,,Point,Avenue Gaston Diderich,Belair,2,5,node/71248327,#FF0000,
49.617207,6.114534,,Point,Rue de Rollingergrund,Rollingergrund,2,5,node/71259487,#FF0000,
49.626701,6.124914,,Point,Rue de Mühlenbach,Eich,2,5,node/71259572,#FF0000,
49.605376,6.142432,,Point,Rue Charles Calmette,Verlorenkost,12,5,node/71510518,#FF0000,
49.614677,6.134219,,Point,Rue Vauban,Pfaffenthal,0,5,node/75385090,#FFD700,
49.627898,6.159151,,Point,Rue Richard Coudenhove-Kalergi,Kirchberg,2,5,node/75410784,#FF0000,
49.627031,6.120091,,Point,Rue Albert Unden,Muhlenbach,2,5,node/75550478,#FF0000,
49.620594,6.124072,,Point,Avenue du Bois,Limpertsberg,2,5,node/75550494,#FF0000,
49.603354,6.114279,,Point,Rue Marie-Adélaïde,Hollerich,0,5,node/75567952,#FFD700,
49.624284,6.100506,,Point,Rue de Reckenthal,Rollingergrund,12,6,node/117332974,#FF0000,
49.62836,6.177163,,Point,Rue du Grünewald,Neudorf-Weimershof,2,6,node/224168893,#FF0000,
49.622439,6.185772,,Point,Rue de Neudorf,Neudorf-Weimershof,2,6,node/224169969,#FF0000,
49.600434,6.121583,,Point,Rue de la Vallée,Hollerich,0,6,node/247325679,#FFD700,
49.619493,6.168539,,Point,Boulevard Charles Simonis,Cents,2,6,node/247754236,#FF0000,
49.605269,6.118837,,Point,Rue Marie-Adélaïde,Hollerich,2,6,node/255948775,#FF0000,
49.622597,6.15894,,Point,Rue des Muguets,Neudorf-Weimershof,12,6,node/255950755,#FF0000,
49.621843,6.151581,,Point,Rue Érasme,Kirchberg,2,6,node/268553298,#FF0000,
49.598085,6.132121,,Point,,Gare,0,6,node/269334070,#FFD700,
49.60568,6.12001,,Point,Rue des Jardiniers,Hollerich,12,6,node/278516784,#FF0000,
49.626922,6.143991,,Point,Rue des Maraîchers,Kirchberg,10,6,node/279401905,#FFD700,
49.589169,6.106528,,Point,Rue de la Forêt,Cessange,2,6,node/287034369,#FF0000,
49.612802,6.144035,,Point,Rue de la Tour Jacob,Clausen,2,6,node/287303527,#FF0000,
49.608104,6.102335,,Point,Rue Jean Schoetter,Belair,2,6,node/288703801,#FF0000,
49.625238,6.13979,,Point,Rue des Maraîchers,Kirchberg,0,6,node/304120763,#FFD700,
49.633835,6.167697,,Point,Rue Alphonse Weicker,Kirchberg,2,6,node/307681129,#FF0000,
49.627857,6.135888,,Point,Rue de Laroche,Weimerskirch,2,6,node/318407659,#FF0000,
49.628861,6.158373,,Point,Rue Richard Coudenhove-Kalergi,Kirchberg,0,5,node/392437621,#FFD700,
49.628817,6.158269,,Point,Rue Richard Coudenhove-Kalergi,Kirchberg,0,5,node/392437661,#FFD700,
49.603034,6.089269,,Point,Route de Longwy,Merl,2,5,node/410524994,#FF0000,
49.61433,6.141275,,Point,Allée Pierre de Mansfeld,Clausen,2,5,node/414028145,#FF0000,
49.63406,6.140785,,Point,Route d'Echternach,Dommeldange,2,5,node/430270347,#FF0000,
49.611638,6.119947,,Point,Place Winston Churchill,Ville-Haute,2,5,node/438250747,#FF0000,
49.610352,6.105319,,Point,Boulevard Grande-Duchesse Joséphine-Charlotte,Belair,2,5,node/445083537,#FF0000,
49.615196,6.128517,,Point,Avenue Jean-Pierre Pescatore,Ville-Haute,2,5,node/452619712,#FF0000,
49.618534,6.097666,,Point,Rue Nicolas-Ernest Barblé,Rollingergrund,12,10,node/512021796,#FF0000,
49.618512,6.097698,,Point,Rue Nicolas-Ernest Barblé,Rollingergrund,2,11,node/512021798,#FF0000,
49.618506,6.097203,,Point,Rue Pierre Federspiel,Rollingergrund,2,5,node/512021804,#FF0000,
49.618733,6.098504,,Point,Rue Nicolas-Ernest Barblé,Rollingergrund,2,5,node/527956796,#FF0000,
49.610169,6.113875,,Point,Rue des Franciscaines,Belair,2,5,node/528191451,#FF0000,
49.610106,6.1157,,Point,Rue des Dahlias,Belair,2,5,node/528191485,#FF0000,
49.610261,6.112943,,Point,Avenue Gaston Diderich,Belair,2,5,node/528191585,#FF0000,
49.610239,6.113524,,Point,Avenue Gaston Diderich,Belair,2,5,node/528191636,#FF0000,
49.610297,6.113528,,Point,Avenue Gaston Diderich,Belair,2,5,node/528191720,#FF0000,
49.610319,6.112948,,Point,Avenue Gaston Diderich,Belair,2,6,node/528191731,#FF0000,
49.610272,6.115353,,Point,Rue Ernest Koch,Belair,2,5,node/534868634,#FF0000,
49.628877,6.162854,,Point,Rue Albert Borschette,Kirchberg,2,13,node/549780298,#FF0000,
49.608472,6.113637,,Point,Rue des Franciscaines,Belair,2,11,node/568060357,#FF0000,
49.611206,6.119885,,Point,Place Winston Churchill,Ville-Haute,2,5,node/634345977,#FF0000,
49.624955,6.114258,,Point,Avenue Pasteur,Limpertsberg,2,5,node/634384411,#FF0000,
49.634115,6.166347,,Point,Rue Joseph Hess,Kirchberg,12,6,node/635955784,#FF0000,
49.63421,6.169981,,Point,Rue Carlo Hemmer,Kirchberg,2,8,node/636021366,#FF0000,
49.603226,6.106295,,Point,Rue Marguerite de Brabant,Hollerich,12,9,node/643207190,#FF0000,
49.63234,6.177726,,Point,Boulevard Pierre Werner,Neudorf-Weimershof,2,10,node/644795390,#FF0000,
49.621616,6.115761,,Point,Rue Batty Weber,Limpertsberg,2,11,node/644895340,#FF0000,
49.59327,6.139113,,Point,Route de Thionville,Bonnevoie,2,5,node/663902053,#FF0000,
49.610002,6.129746,,Point,,Clausen,12,5,node/678966370,#FF0000,
49.606444,6.106601,,Point,Avenue du Dix Septembre,Belair,2,6,node/685779685,#FF0000,
49.621731,6.120923,,Point,Avenue Victor Hugo,Limpertsberg,2,5,node/704114872,#FF0000,
49.612333,6.124043,,Point,Avenue Émile Reuter,Ville-Haute,0,5,node/726195152,#FFD700,
49.613219,6.120038,,Point,Place de l'Étoile,Ville-Haute,0,5,node/726224504,#FFD700,
49.619359,6.126724,,Point,Boulevard Paul Eyschen,Limpertsberg,2,5,node/728372982,#FF0000,
49.588718,6.106925,,Point,Rue de Cessange,Cessange,0,5,node/729617804,#FFD700,
49.594518,6.110038,,Point,Rue de Cessange,Cessange,2,5,node/729617822,#FF0000,
49.619111,6.121437,,Point,Avenue Pasteur,Limpertsberg,2,5,node/791269322,#FF0000,
49.617842,6.119388,,Point,Avenue de la Faïencerie,Limpertsberg,2,5,node/798886007,#FF0000,
49.607128,6.141166,,Point,Boulevard General George S. Patton,Verlorenkost,2,5,node/806519330,#FF0000,
49.602124,6.097134,,Point,Rue de la Barrière,Merl,12,5,node/901522747,#FF0000,
49.589644,6.118335,,Point,Rue Christophe Plantin,Gasperich,2,5,node/944453293,#FF0000,
49.621125,6.146124,,Point,Rue Charles-Léon Hammes,Kirchberg,2,5,node/976768930,#FF0000,
49.641905,6.135062,,Point,Rue Henri Dunant,Beggen,2,7,node/1063800761,#FF0000,
49.600472,6.109225,,Point,Nouvelle route d'Esch,Hollerich,2,6,node/1064046740,#FF0000,
49.619091,6.100367,,Point,Rue Nicolas-Ernest Barblé,Rollingergrund,2,6,node/1098872208,#FF0000,
49.614196,6.129011,,Point,Boulevard Royal,Ville-Haute,2,6,node/1098872721,#FF0000,
49.61247,6.097603,,Point,Rue des Aubépines,Belair,2,6,node/1102589086,#FF0000,
49.612348,6.097775,,Point,Val Sainte-Croix,Belair,2,6,node/1102589117,#FF0000,
49.610446,6.107655,,Point,Rue d'Amsterdam,Belair,2,7,node/1102589302,#FF0000,
49.609906,6.106234,,Point,Avenue Gaston Diderich,Belair,2,7,node/1102590592,#FF0000,
49.610229,6.107654,,Point,Rue Théodore Eberhard,Belair,12,7,node/1102590667,#FF0000,
49.625481,6.148095,,Point,Rue Érasme,Kirchberg,12,6,node/1107918318,#FF0000,
49.612473,6.14816,,Point,Rue de Trèves,Cents,2,7,node/1107918375,#FF0000,
49.605263,6.141308,,Point,Rue Auguste Lumière,Verlorenkost,0,7,node/1107918444,#FFD700,
49.62472,6.148851,,Point,Rue Érasme,Kirchberg,2,7,node/1107918458,#FF0000,
49.624912,6.148654,,Point,Rue Érasme,Kirchberg,0,7,node/1107918475,#FFD700,
49.62412,6.149446,,Point,Rue Érasme,Kirchberg,2,7,node/1107918553,#FF0000,
49.624707,6.148501,,Point,Rue Antoine de Saint-Exupéry,Kirchberg,0,7,node/1107918558,#FFD700,
49.612539,6.156239,,Point,Rue des Pommiers,Cents,2,7,node/1107918559,#FF0000,
49.626556,6.151611,,Point,Rue Léon Hengen,Kirchberg,12,7,node/1110328360,#FF0000,
49.623804,6.146363,,Point,Rue Antoine de Saint-Exupéry,Kirchberg,0,6,node/1110328500,#FFD700,
49.598468,6.140042,,Point,Rue Irmine,Bonnevoie,2,6,node/1111509621,#FF0000,
49.598565,6.14019,,Point,Rue Auguste Charles,Bonnevoie,12,6,node/1111509645,#FF0000,
49.60395,6.116082,,Point,Rue Marie-Adélaïde,Hollerich,2,6,node/1111509648,#FF0000,
49.599616,6.137269,,Point,Rue de Bonnevoie,Verlorenkost,2,6,node/1111509655,#FF0000,
49.599402,6.137337,,Point,Rue de Bonnevoie,Verlorenkost,2,6,node/1111509669,#FF0000,
49.598441,6.137647,,Point,Rue de Bonnevoie,Bonnevoie,2,6,node/1111509687,#FF0000,
49.599272,6.122642,,Point,Rue de Strasbourg,Hollerich,2,7,node/1111535416,#FF0000,
49.613407,6.125806,,Point,Avenue Amélie,Ville-Haute,2,7,node/1118466511,#FF0000,
49.601352,6.102901,,Point,Rue de Merl,Merl,2,8,node/1130823459,#FF0000,
49.593525,6.151978,,Point,Boulevard Kaltreis,Bonnevoie,2,7,node/1132240689,#FF0000,
49.638653,6.118567,,Point,Rue des Sept-Arpents,Muhlenbach,12,6,node/1218243774,#FF0000,
49.614537,6.117592,,Point,Rue de Rollingergrund,Rollingergrund,2,7,node/1232409842,#FF0000,
49.597458,6.140345,,Point,Rue Pierre Krier,Bonnevoie,2,7,node/1235127234,#FF0000,
49.597497,6.140145,,Point,Rue Irmine,Bonnevoie,2,7,node/1235160582,#FF0000,
49.609199,6.106807,,Point,Rue Théodore Eberhard,Belair,2,6,node/1252372803,#FF0000,
49.61155,6.107538,,Point,Rue Jean-Baptiste Esch,Belair,2,6,node/1252372807,#FF0000,
49.608509,6.107916,,Point,Boulevard de Verdun,Belair,2,6,node/1252372808,#FF0000,
49.612638,6.106988,,Point,Val Sainte-Croix,Belair,0,10,node/1252372811,#FFD700,
49.608445,6.108115,,Point,Rue Maréchal Foch,Belair,12,6,node/1252372815,#FF0000,
49.608648,6.107872,,Point,Rue Astrid,Belair,2,6,node/1252372824,#FF0000,
49.609316,6.106778,,Point,Boulevard de Verdun,Belair,2,6,node/1252372825,#FF0000,
49.612587,6.107166,,Point,Rue d'Amsterdam,Belair,2,6,node/1252372829,#FF0000,
49.6092,6.10695,,Point,Boulevard de Verdun,Belair,2,6,node/1252372833,#FF0000,
49.612673,6.107364,,Point,Val Sainte-Croix,Belair,2,10,node/1252372840,#FF0000,
49.606483,6.106381,,Point,Rue Astrid,Belair,2,6,node/1252410563,#FF0000,
49.605891,6.102498,,Point,Rue d'Orval,Belair,2,6,node/1252557190,#FF0000,
49.594653,6.110333,,Point,Rue de Cessange,Cessange,0,6,node/1258947385,#FFD700,
49.624353,6.172444,,Point,Rue de Neudorf,Neudorf-Weimershof,0,6,node/1268030219,#FFD700,
49.6035254632952,6.10251633423966,,Point,Boulevard Marcel Cahen,Merl,12,6,node/1278756100,#FF0000,
49.615201,6.121631,,Point,Allée de l'Unioun,Ville-Haute,2,10,node/1280809209,#FF0000,
49.614383,6.120797,,Point,Rue de la Chapelle,Ville-Haute,2,7,node/1280809232,#FF0000,
49.604255,6.103842,,Point,Rue Guillaume de Machault,Merl,2,7,node/1298780008,#FF0000,
49.602362,6.09846,,Point,Rue Nicolas Mameranus,Merl,2,6,node/1298780015,#FF0000,
49.603009,6.101341,,Point,Boulevard Marcel Cahen,Merl,0,12,node/1298780021,#FFD700,
49.605727,6.110568,,Point,Boulevard Pierre Dupong,Hollerich,2,6,node/1303641453,#FF0000,
49.601792,6.11617,,Point,Rue de l'Abattoir,Hollerich,0,6,node/1303641466,#FFD700,
49.605623,6.110525,,Point,Rue Auguste Neyen,Hollerich,12,6,node/1303641470,#FF0000,
49.606318,6.110065,,Point,Boulevard Pierre Dupong,Hollerich,2,6,node/1303641474,#FF0000,
49.60461,6.11026,,Point,Rue Marguerite de Brabant,Hollerich,2,6,node/1304088016,#FF0000,
49.60679,6.108127,,Point,Rue Walram,Belair,2,6,node/1308229683,#FF0000,
49.602731,6.113648,,Point,Rue Marie-Adélaïde,Hollerich,2,6,node/1308273049,#FF0000,
49.602364,6.105867,,Point,Rue Charles Martel,Merl,12,6,node/1309533899,#FF0000,
49.601806,6.101267,,Point,Rue de Merl,Merl,2,6,node/1309562366,#FF0000,
49.610757,6.1002,,Point,Rue Émile Verhaeren,Belair,2,6,node/1315421021,#FF0000,
49.608815,6.106192,,Point,Rue d'Oradour,Belair,2,6,node/1315421027,#FF0000,
49.61005,6.100357,,Point,Rue Émile Verhaeren,Belair,2,6,node/1315421031,#FF0000,
49.603458,6.08481,,Point,Route de Longwy,Merl,2,13,node/1319330131,#FF0000,
49.607023,6.13699,,Point,,Ville-Haute,2,11,node/1319849164,#FF0000,
49.601209,6.114444,,Point,Rue Raymond Poincaré,Hollerich,2,11,node/1320985340,#FF0000,
49.611661,6.101875,,Point,Rue Marie-Thérèse Glaesener-Hartmann,Belair,2,6,node/1321087711,#FF0000,
49.617318,6.108161,,Point,Boulevard Napoléon 1er,Rollingergrund,2,6,node/1321645365,#FF0000,
49.614698,6.110949,,Point,Rue du Stade,Belair,2,6,node/1321645380,#FF0000,
49.618864,6.099192,,Point,Rue Nicolas-Ernest Barblé,Rollingergrund,2,6,node/1322750233,#FF0000,
49.607428,6.101897,,Point,Rue Charlemagne,Belair,2,6,node/1324367502,#FF0000,
49.607207,6.098244,,Point,Rue des Aubépines,Merl,2,6,node/1324367503,#FF0000,
49.613578,6.14356,,Point,Montée de Clausen,Clausen,12,6,node/1325599571,#FF0000,
49.612702,6.112459,,Point,Allée Léopold Goebel,Belair,0,7,node/1327268890,#FFD700,
49.63103,6.176128,,Point,Rue Docteur Nicolas Clasen,Neudorf-Weimershof,2,7,node/1330935295,#FF0000,
49.630936,6.176085,,Point,Rue Joseph Leydenbach,Neudorf-Weimershof,2,6,node/1330935324,#FF0000,
49.608685,6.115507,,Point,Rue des Dahlias,Belair,2,7,node/1335780752,#FF0000,
49.608586,6.115374,,Point,Avenue du Dix Septembre,Belair,2,7,node/1335780757,#FF0000,
49.608616,6.115647,,Point,Avenue du Dix Septembre,Belair,12,7,node/1335780775,#FF0000,
49.609566,6.11913,,Point,Avenue du Dix Septembre,Ville-Haute,12,11,node/1335780779,#FF0000,
49.609525,6.11939,,Point,Boulevard Grande-Duchesse Charlotte,Ville-Haute,2,7,node/1335780790,#FF0000,
49.60726,6.109439,,Point,Avenue du Dix Septembre,Belair,2,11,node/1335780797,#FF0000,
49.60577,6.119503,,Point,Route d'Esch,Hollerich,2,7,node/1335802625,#FF0000,
49.60639,6.119548,,Point,Route d'Esch,Hollerich,2,7,node/1335802626,#FF0000,
49.611158,6.118322,,Point,Boulevard Grande-Duchesse Charlotte,Ville-Haute,2,10,node/1336106568,#FF0000,
49.609949,6.127931,,Point,,Ville-Haute,0,7,node/1336108521,#FFD700,
49.609954,6.128128,,Point,Rue Notre-Dame,Ville-Haute,2,7,node/1336108524,#FF0000,
49.610943,6.107772,,Point,Rue Mathieu Lambert Schrobilgen,Belair,2,7,node/1350817412,#FF0000,
49.634169,6.165998,,Point,Rue Joseph Hess,Kirchberg,10,6,node/1361071843,#FFD700,
49.594058,6.11718,,Point,Route d'Esch,Gasperich,2,7,node/1371314132,#FF0000,
49.614949,6.108858,,Point,Rue d'Ostende,Belair,2,7,node/1372306165,#FF0000,
49.627732,6.134385,,Point,Rue Henri Lamormesnil,Weimerskirch,2,7,node/1372681252,#FF0000,
49.609068,6.112094,,Point,Place Nicolas Philippe,Belair,2,7,node/1374315003,#FF0000,
49.609077,6.111915,,Point,Rue Arthur Herchen,Belair,2,8,node/1374315004,#FF0000,
49.609439,6.112516,,Point,Rue Abbé Lemire,Belair,2,8,node/1374315005,#FF0000,
49.600362,6.133386,,Point,Place de la Gare,Gare,0,7,node/1378101796,#FFD700,
49.621424,6.162672,,Point,,Neudorf-Weimershof,2,6,node/1379413814,#FF0000,
49.61298,6.119602,,Point,Place de l'Étoile,Ville-Haute,0,7,node/1389927987,#FFD700,
49.614312,6.113082,,Point,Route d'Arlon,Belair,12,7,node/1389928006,#FF0000,
49.607292,6.121302,,Point,Rue du Fort Rheinsheim,Ville-Haute,2,7,node/1395940503,#FF0000,
49.603703,6.118238,,Point,Rue Alphonse Munchen,Hollerich,2,6,node/1395967997,#FF0000,
49.607658,6.102836,,Point,Rue Jean Schoetter,Belair,2,6,node/1397125737,#FF0000,
49.60032,6.117417,,Point,Rue Émile Lavandier,Hollerich,2,6,node/1397388353,#FF0000,
49.604898,6.111065,,Point,Rue Marguerite de Brabant,Hollerich,2,6,node/1397388384,#FF0000,
49.601685,6.104484,,Point,Nouvelle route d'Esch,Hollerich,0,6,node/1398646114,#FFD700,
49.630239,6.117808,,Point,Rue Jean-Pierre Huberty,Muhlenbach,2,6,node/1400613545,#FF0000,
49.630322,6.1183,,Point,Rue des Sept-Arpents,Muhlenbach,2,6,node/1400613547,#FF0000,
49.630357,6.118488,,Point,Rue Émile Metz,Eich,2,6,node/1400613548,#FF0000,
49.601179,6.127553,,Point,Rue Adolphe Fischer,Gare,2,6,node/1401567237,#FF0000,
49.60136,6.12744,,Point,Rue Adolphe Fischer,Gare,2,7,node/1401567246,#FF0000,
49.601483,6.128286,,Point,Rue Glesener,Gare,0,7,node/1401567250,#FFD700,
49.601666,6.125954,,Point,Rue des États-Unis,Gare,2,7,node/1401567257,#FF0000,
49.601805,6.126032,,Point,Rue d'Anvers,Gare,2,7,node/1401567268,#FF0000,
49.601828,6.125859,,Point,Boulevard de la Pétrusse,Gare,2,7,node/1401567269,#FF0000,
49.601913,6.125245,,Point,Rue d'Anvers,Gare,2,7,node/1401567273,#FF0000,
49.601935,6.129863,,Point,Rue Glesener,Gare,12,6,node/1401567275,#FF0000,
49.602085,6.126993,,Point,Rue Adolphe Fischer,Gare,2,7,node/1401567279,#FF0000,
49.602129,6.126817,,Point,Rue d'Anvers,Gare,2,6,node/1401567289,#FF0000,
49.60221,6.127016,,Point,Rue d'Anvers,Gare,2,6,node/1401567291,#FF0000,
49.602249,6.126854,,Point,Rue Adolphe Fischer,Gare,0,6,node/1401567296,#FFD700,
49.602272,6.123881,,Point,Rue de la Vallée,Hollerich,2,6,node/1401567299,#FF0000,
49.603423,6.121449,,Point,Rue de la Semois,Hollerich,0,6,node/1401567311,#FFD700,
49.604933,6.118766,,Point,Rue de Nassau,Hollerich,2,6,node/1401567325,#FF0000,
49.605216,6.121938,,Point,Rue de la Semois,Hollerich,2,6,node/1401567338,#FF0000,
49.614187,6.162701,,Point,Rue des Pommiers,Cents,2,6,node/1401588406,#FF0000,
49.607623,6.142109,,Point,Rue des Genêts,Verlorenkost,2,6,node/1401923690,#FF0000,
49.613852,6.173489,,Point,Rue de Bitbourg,Hamm,2,6,node/1402297204,#FF0000,
49.605815,6.102343,,Point,Route de Longwy,Merl,2,6,node/1402714412,#FF0000,
49.605848,6.102684,,Point,Route de Longwy,Merl,2,6,node/1402714416,#FF0000,
49.612116,6.126774,,Point,,Ville-Haute,0,6,node/1402714417,#FFD700,
49.612308,6.12675,,Point,,Ville-Haute,0,6,node/1402714429,#FFD700,
49.614232,6.129113,,Point,Boulevard Royal,Ville-Haute,2,6,node/1407328931,#FF0000,
49.614294,6.128944,,Point,Avenue Jean-Pierre Pescatore,Ville-Haute,2,6,node/1407328934,#FF0000,
49.614576,6.127485,,Point,Boulevard Prince Henri,Ville-Haute,2,6,node/1407328951,#FF0000,
49.608513,6.09789,,Point,Rue Auguste Liesch,Belair,2,6,node/1419478048,#FF0000,
49.619909,6.123029,,Point,Avenue Victor Hugo,Limpertsberg,12,6,node/1419609195,#FF0000,
49.619975,6.122876,,Point,Rue Henri VII,Limpertsberg,0,6,node/1419609197,#FFD700,
49.62169,6.120804,,Point,Avenue Victor Hugo,Limpertsberg,2,6,node/1419609234,#FF0000,
49.621838,6.120673,,Point,Avenue Victor Hugo,Limpertsberg,2,6,node/1419609237,#FF0000,
49.621885,6.120781,,Point,Avenue Victor Hugo,Limpertsberg,2,6,node/1419609238,#FF0000,
49.623568,6.119281,,Point,Avenue Victor Hugo,Limpertsberg,12,6,node/1419609244,#FF0000,
49.623764,6.119418,,Point,Square Édouard André,Limpertsberg,2,6,node/1419609259,#FF0000,
49.609723,6.098766,,Point,Rue Gustave Kahnt,Belair,2,6,node/1422461847,#FF0000,
49.595164,6.120996,,Point,Rue de la Déportation,Gasperich,0,6,node/1428388891,#FFD700,
49.600747,6.091985,,Point,Rue des Celtes,Merl,2,6,node/1432996660,#FF0000,
49.589654,6.12882,,Point,Rue Christoph Willibald Gluck,Gasperich,2,6,node/1437761729,#FF0000,
49.590107,6.127503,,Point,Rue Herbert Schaefer,Gasperich,2,6,node/1437761734,#FF0000,
49.592663,6.120841,,Point,Rue Gioacchino Rossini,Gasperich,12,6,node/1437761778,#FF0000,
49.593372,6.129107,,Point,Mühlenweg,Gasperich,2,6,node/1437761806,#FF0000,
49.593512,6.129105,,Point,Rue de la Déportation,Gasperich,2,6,node/1437761815,#FF0000,
49.594284,6.12549,,Point,Rue de la Déportation,Gasperich,2,6,node/1437761841,#FF0000,
49.58663,6.108612,,Point,Kohlenberg,Cessange,2,6,node/1445072627,#FF0000,
49.5873,6.103584,,Point,Rue de Cessange,Cessange,2,6,node/1445072689,#FF0000,
49.591092,6.105817,,Point,Rue de Cessange,Cessange,2,6,node/1445072819,#FF0000,
49.592854,6.117095,,Point,Rue Henri Pensis,Gasperich,2,6,node/1445687456,#FF0000,
49.616605,6.165315,,Point,Rue de Trèves,Cents,2,6,node/1447451437,#FF0000,
49.618431,6.165136,,Point,Rue Robert Bruch,Cents,2,6,node/1447451601,#FF0000,
49.620553,6.167944,,Point,Boulevard Charles Simonis,Cents,2,6,node/1447452016,#FF0000,
49.617624,6.1653,,Point,Rue Léon Kauffman,Cents,0,6,node/1447466548,#FFD700,
49.628394,6.151547,,Point,Val des Bons-Malades,Kirchberg,2,6,node/1457906855,#FF0000,
49.602232,6.113492,,Point,Boulevard Pierre Dupong,Hollerich,0,6,node/1508464437,#FFD700,
49.593629,6.141013,,Point,Rue du Cimetière,Bonnevoie,12,6,node/1508527230,#FF0000,
49.594501,6.140738,,Point,Rue Demy Schlechter,Bonnevoie,10,6,node/1508527238,#FFD700,
49.594557,6.140563,,Point,Rue du Cimetière,Bonnevoie,2,6,node/1508527239,#FF0000,
49.595382,6.140137,,Point,Rue du Cimetière,Bonnevoie,2,6,node/1508527240,#FF0000,
49.595489,6.140138,,Point,Rue Marguerite-Séraphine Beving,Bonnevoie,2,6,node/1508527241,#FF0000,
49.596409,6.138878,,Point,Rue du Cimetière,Bonnevoie,2,6,node/1508527245,#FF0000,
49.597574,6.137846,,Point,Rue de Bonnevoie,Bonnevoie,2,6,node/1508527250,#FF0000,
49.598888,6.124874,,Point,Rue de la Fonderie,Gare,2,6,node/1508527253,#FF0000,
49.59948,6.137205,,Point,Rue Antoine Godart,Verlorenkost,2,6,node/1508527254,#FF0000,
49.599531,6.137395,,Point,Rue des Romains,Verlorenkost,2,6,node/1508527255,#FF0000,
49.6098,6.107626,,Point,Rue Charles Arendt,Belair,2,6,node/1510222741,#FF0000,
49.611584,6.107438,,Point,Rue d'Amsterdam,Belair,2,6,node/1510222768,#FF0000,
49.59955,6.124731,,Point,Rue de la Fonderie,Gare,2,6,node/1511944343,#FF0000,
49.600316,6.128056,,Point,Rue Adolphe Fischer,Gare,2,6,node/1511944366,#FF0000,
49.600365,6.127867,,Point,Rue de Strasbourg,Gare,2,6,node/1511944368,#FF0000,
49.600424,6.128126,,Point,Rue de Strasbourg,Gare,2,6,node/1511944371,#FF0000,
49.60313,6.118119,,Point,Rue Raymond Poincaré,Hollerich,2,7,node/1511944414,#FF0000,
49.603701,6.120581,,Point,Rue Jean Jaurès,Hollerich,2,7,node/1511944427,#FF0000,
49.605937,6.114244,,Point,Rue de Bragance,Hollerich,2,7,node/1511944460,#FF0000,
49.618122,6.110917,,Point,Rue de Rollingergrund,Rollingergrund,2,7,node/1512029001,#FF0000,
49.606831,6.118065,,Point,Rue Albert 1er,Belair,2,7,node/1517844090,#FF0000,
49.612417,6.124397,,Point,Avenue Émile Reuter,Ville-Haute,0,6,node/1525441222,#FFD700,
49.5957,6.136411,,Point,Dernier Sol,Bonnevoie,2,6,node/1579018557,#FF0000,
49.603182,6.101385,,Point,Rue Béatrix de Bourbon,Merl,2,6,node/1582350183,#FF0000,
49.605362,6.097643,,Point,Route de Longwy,Merl,12,6,node/1582486770,#FF0000,
49.613591,6.129417,,Point,,Clausen,12,5,node/1587861846,#FF0000,
49.613663,6.125251,,Point,Avenue Amélie,Ville-Haute,12,6,node/1587861866,#FF0000,
49.615033,6.12214,,Point,Rue Nicolas Adames,Ville-Haute,2,6,node/1587862007,#FF0000,
49.606049,6.104034,,Point,Rue Jean Schoetter,Belair,2,6,node/1613817415,#FF0000,
49.622328,6.145937,,Point,Rue Alcide de Gasperi,Kirchberg,0,6,node/1626348380,#FFD700,
49.625574,6.136205,,Point,Rue des Forains,Weimerskirch,2,6,node/1626348897,#FF0000,
49.62563,6.137232,,Point,Rue de Kirchberg,Weimerskirch,2,6,node/1626348914,#FF0000,
49.578988,6.1119,,Point,Impasse Drosbach,Cessange,12,9,node/1629548380,#FF0000,
49.614359,6.112356,,Point,Rue Nicolas Simmer,Belair,12,10,node/1630169776,#FF0000,
49.617985,6.119424,,Point,Rue Henri VII,Limpertsberg,2,6,node/1630169791,#FF0000,
49.617985,6.119167,,Point,Avenue de la Faïencerie,Limpertsberg,2,6,node/1630169804,#FF0000,
49.619511,6.116161,,Point,Rue François Faber,Limpertsberg,2,10,node/1630169847,#FF0000,
49.619911,6.115873,,Point,Rue Nicolas Steffen-Pierret,Limpertsberg,12,8,node/1630169881,#FF0000,
49.622031,6.115147,,Point,Rue Frantz Clément,Limpertsberg,12,8,node/1630169910,#FF0000,
49.622259,6.11473,,Point,Rue Léandre Lacroix,Limpertsberg,0,11,node/1630169921,#FFD700,
49.622251,6.114903,,Point,Rue Frantz Clément,Limpertsberg,2,11,node/1630169925,#FF0000,
49.62236,6.114927,,Point,Rue Léandre Lacroix,Limpertsberg,0,11,node/1630169931,#FFD700,
49.625878,6.114107,,Point,Rue de l'Avenir,Limpertsberg,2,11,node/1630170036,#FF0000,
49.626913,6.127244,,Point,Rue de Mühlenbach,Eich,2,13,node/1630170085,#FF0000,
49.63069,6.132984,,Point,Montée Pilate,Eich,2,13,node/1630170156,#FF0000,
49.633159,6.137759,,Point,Route d'Echternach,Dommeldange,2,13,node/1630456202,#FF0000,
49.634832,6.137198,,Point,Rue des Hauts-Fourneaux,Dommeldange,2,14,node/1630456244,#FF0000,
49.643031,6.134862,,Point,Rue Henri Dunant,Beggen,2,10,node/1630456303,#FF0000,
49.644176,6.134789,,Point,Rue Cyprien Merjai,Beggen,2,8,node/1630456327,#FF0000,
49.644162,6.134443,,Point,Rue Cyprien Merjai,Beggen,2,8,node/1630456336,#FF0000,
49.646872,6.134122,,Point,Rue Henri Dunant,Beggen,10,7,node/1630456384,#FFD700,
49.639203,6.145216,,Point,Rue Jean Engling,Dommeldange,2,6,node/1634929668,#FF0000,
49.639464,6.145932,,Point,Rue Jean Engling,Dommeldange,2,6,node/1634929671,#FF0000,
49.639745,6.146704,,Point,Rue Jean Engling,Dommeldange,12,6,node/1634929677,#FF0000,
49.60493,6.124353,,Point,Boulevard de la Pétrusse,Gare,2,6,node/1649303392,#FF0000,
49.604932,6.124896,,Point,Rue Michel Welter,Gare,2,6,node/1649303405,#FF0000,
49.60514,6.12449,,Point,Boulevard de la Pétrusse,Gare,0,6,node/1649303409,#FFD700,
49.583737,6.113959,,Point,Rue Eugène Ruppert,Gasperich,2,6,node/1660580577,#FF0000,
49.613236,6.115917,,Point,Val Sainte-Croix,Belair,2,6,node/1688440822,#FF0000,
49.603708,6.107736,,Point,Rue Marguerite de Brabant,Hollerich,2,6,node/1698603383,#FF0000,
49.607008,6.090816,,Point,Rue de Strassen,Merl,12,6,node/1698668322,#FF0000,
49.636519,6.162246,,Point,Boulevard Pierre Frieden,Kirchberg,10,6,node/1716009228,#FFD700,
49.636777,6.163198,,Point,Boulevard Pierre Frieden,Kirchberg,2,6,node/1716009231,#FF0000,
49.600374,6.129175,,Point,Rue du Commerce,Gare,2,6,node/1716137892,#FF0000,
49.600646,6.128815,,Point,Rue Mil Neuf Cents,Gare,2,6,node/1716137903,#FF0000,
49.600696,6.129264,,Point,Rue de Strasbourg,Gare,2,6,node/1716137923,#FF0000,
49.600788,6.130576,,Point,Rue Joseph Junck,Gare,2,6,node/1716137935,#FF0000,
49.601033,6.130596,,Point,Rue de Strasbourg,Gare,2,6,node/1716137942,#FF0000,
49.615369,6.160246,,Point,Rue de Trèves,Cents,12,6,node/1716406247,#FF0000,
49.619264,6.176277,,Point,Rue Cents,Cents,2,6,node/1716406515,#FF0000,
49.606862,6.15502,,Point,Rue Mihály Munkácsy,Hamm,2,6,node/1716482804,#FF0000,
49.607539,6.15702,,Point,Rue Thomas Byrne,Hamm,12,6,node/1716482827,#FF0000,
49.607844,6.157835,,Point,Rue Eugène Wolff,Hamm,2,6,node/1716482839,#FF0000,
49.603246,6.130514,,Point,Rue André Duchscher,Gare,12,5,node/1716493603,#FF0000,
49.603572,6.130421,,Point,Rue Sainte-Zithe,Gare,2,6,node/1716493627,#FF0000,
49.604953,6.131655,,Point,Rue Dicks,Gare,12,5,node/1716493668,#FF0000,
49.592805,6.139749,,Point,Rue de Wiltz,Bonnevoie,2,6,node/1716620096,#FF0000,
49.610248,6.11204,,Point,Rue Charles Arendt,Belair,12,6,node/1717863803,#FF0000,
49.61514,6.116504,,Point,Rue de Rollingergrund,Rollingergrund,12,6,node/1718417133,#FF0000,
49.621612,6.105776,,Point,Rue de Rollingergrund,Rollingergrund,2,6,node/1718417201,#FF0000,
49.626874,6.124474,,Point,Rue Eecherschmelz,Eich,10,6,node/1718530049,#FFD700,
49.620753,6.131584,,Point,Rue Laurent Menager,Pfaffenthal,12,5,node/1719185396,#FF0000,
49.621712,6.131581,,Point,Rue Laurent Menager,Pfaffenthal,12,6,node/1719185418,#FF0000,
49.622055,6.14516,,Point,,Kirchberg,0,6,node/1736446409,#FFD700,
49.602868,6.141959,,Point,Boulevard de la Fraternité,Verlorenkost,2,6,node/1737047897,#FF0000,
49.616705,6.150707,,Point,Rue de Neudorf,Clausen,2,6,node/1758326366,#FF0000,
49.626933,6.166678,,Point,Rue du Kiem,Neudorf-Weimershof,12,6,node/1764147161,#FF0000,
49.603345,6.141945,,Point,Boulevard de la Fraternité,Verlorenkost,12,6,node/1768825599,#FF0000,
49.604039,6.125973,,Point,Rue Michel Rodange,Gare,2,6,node/1769174763,#FF0000,
49.60411,6.126106,,Point,Rue Michel Rodange,Gare,12,6,node/1769174764,#FF0000,
49.606809,6.126756,,Point,Rue Sainte-Zithe,Gare,2,6,node/1769174772,#FF0000,
49.614207,6.155511,,Point,Rue de Trèves,Cents,2,6,node/1781112933,#FF0000,
49.594135,6.138322,,Point,Rue de l'Hippodrome,Bonnevoie,12,5,node/1781390988,#FF0000,
49.594696,6.137551,,Point,Route de Thionville,Bonnevoie,2,6,node/1781390989,#FF0000,
49.595037,6.136741,,Point,Route de Thionville,Bonnevoie,2,6,node/1781390992,#FF0000,
49.595693,6.140635,,Point,Rue Marguerite-Séraphine Beving,Bonnevoie,2,6,node/1781390998,#FF0000,
49.595884,6.141489,,Point,Rue Fernand d'Huart,Bonnevoie,0,6,node/1781391001,#FFD700,
49.596021,6.141523,,Point,Rue Xavier de Feller,Bonnevoie,2,6,node/1781391005,#FF0000,
49.596033,6.141271,,Point,Rue Jean-Baptiste Gellé,Bonnevoie,2,6,node/1781391006,#FF0000,
49.597333,6.140253,,Point,Rue Jean-Baptiste Gellé,Bonnevoie,2,6,node/1781391008,#FF0000,
49.599062,6.139993,,Point,Rue des Trévires,Verlorenkost,2,6,node/1781391010,#FF0000,
49.599288,6.140089,,Point,Rue des Trévires,Verlorenkost,2,6,node/1781391011,#FF0000,
49.60046,6.140454,,Point,Rue des Trévires,Verlorenkost,2,6,node/1781391012,#FF0000,
49.600494,6.140306,,Point,Rue des Romains,Verlorenkost,2,6,node/1781391013,#FF0000,
49.600588,6.140509,,Point,Rue des Romains,Verlorenkost,2,6,node/1781391014,#FF0000,
49.601233,6.139756,,Point,Rue Félix de Blochausen,Verlorenkost,2,6,node/1781391015,#FF0000,
49.601308,6.139962,,Point,Rue Félix de Blochausen,Verlorenkost,2,6,node/1781391016,#FF0000,
49.601328,6.139801,,Point,Rue des Trévires,Verlorenkost,2,6,node/1781391018,#FF0000,
49.601704,6.139468,,Point,Rue des Trévires,Verlorenkost,2,6,node/1781391019,#FF0000,
49.601858,6.13933,,Point,Rue des Trévires,Verlorenkost,2,6,node/1781391020,#FF0000,
49.602362,6.138867,,Point,Rue des Trévires,Verlorenkost,2,6,node/1781391021,#FF0000,
49.602674,6.139399,,Point,Rue de Chicago,Verlorenkost,0,6,node/1781391028,#FFD700,
49.603747,6.136977,,Point,Rue des Trévires,Verlorenkost,2,6,node/1781391053,#FF0000,
49.613829,6.153956,,Point,Rue de Trèves,Cents,2,6,node/1781391079,#FF0000,
49.613965,6.135425,,Point,Rue Vauban,Pfaffenthal,12,6,node/1781391082,#FF0000,
49.614316,6.142951,,Point,Allée Pierre de Mansfeld,Clausen,0,6,node/1781391083,#FFD700,
49.617592,6.169375,,Point,Rue Cents,Cents,2,6,node/1781391086,#FF0000,
49.618341,6.172441,,Point,Rue Cents,Cents,2,6,node/1781391090,#FF0000,
49.62663,6.137158,,Point,Rue de Kirchberg,Weimerskirch,0,6,node/1781391096,#FFD700,
49.59888,6.132411,,Point,Rue du Commerce,Gare,10,5,node/1783876424,#FFD700,
49.599092,6.131468,,Point,Rue du Commerce,Gare,0,6,node/1783876425,#FFD700,
49.605015,6.128316,,Point,,Clausen,2,6,node/1783876455,#FF0000,
49.605977,6.12921,,Point,,Clausen,0,6,node/1783876478,#FFD700,
49.580283,6.116203,,Point,Rue Émile Bian,Gasperich,2,6,node/1783982215,#FF0000,
49.580321,6.117867,,Point,Rue Robert Stumper,Gasperich,2,6,node/1783982216,#FF0000,
49.580324,6.115697,,Point,Rue Émile Bian,Gasperich,2,6,node/1783982217,#FF0000,
49.58363,6.113697,,Point,Rue Guillaume J. Kroll,Gasperich,2,6,node/1783982221,#FF0000,
49.583649,6.118494,,Point,Rue Robert Stumper,Gasperich,2,6,node/1783982222,#FF0000,
49.591242,6.124912,,Point,Rue Tony Bourg,Gasperich,2,6,node/1783982225,#FF0000,
49.593165,6.119555,,Point,Rue de Gasperich,Gasperich,12,6,node/1783982231,#FF0000,
49.59319,6.119346,,Point,Rue Ludwig van Beethoven,Gasperich,12,6,node/1783982232,#FF0000,
49.594052,6.126698,,Point,Rue de la Déportation,Gasperich,2,6,node/1783982235,#FF0000,
49.597407,6.117751,,Point,Route d'Esch,Hollerich,12,6,node/1783982237,#FF0000,
49.597686,6.124828,,Point,Rue de l'Aciérie,Gare,2,6,node/1783982239,#FF0000,
49.599095,6.129599,,Point,Rue du Fort Wedell,Gare,0,6,node/1783982255,#FFD700,
49.600029,6.130104,,Point,Rue du Fort Wedell,Gare,0,6,node/1783982265,#FFD700,
49.600092,6.130252,,Point,Rue d'Épernay,Gare,2,6,node/1783982267,#FF0000,
49.600738,6.130474,,Point,Rue du Fort Wedell,Gare,0,6,node/1783982269,#FFD700,
49.59662,6.137896,,Point,Rue de Hesperange,Bonnevoie,12,6,node/1786490768,#FF0000,
49.602894,6.135167,,Point,Rue du Fort Neipperg,Gare,2,6,node/1793462467,#FF0000,
49.603772,6.133217,,Point,Avenue de la Gare,Gare,2,6,node/1793462493,#FF0000,
49.603606,6.115031,,Point,Rue Marie-Adélaïde,Hollerich,2,6,node/1796468549,#FF0000,
49.607202,6.114913,,Point,Rue de Bragance,Hollerich,2,6,node/1796468560,#FF0000,
49.615823,6.102828,,Point,Route d'Arlon,Belair,2,6,node/1801780578,#FF0000,
49.611393,6.120173,,Point,Allée Marconi,Ville-Haute,12,5,node/1802924484,#FF0000,
49.618662,6.122798,,Point,Rue Alfred de Musset,Limpertsberg,2,6,node/1802924568,#FF0000,
49.619047,6.121649,,Point,Rue Henri VII,Limpertsberg,2,6,node/1802924577,#FF0000,
49.620677,6.123908,,Point,Rue Henri VII,Limpertsberg,0,6,node/1802924599,#FFD700,
49.621266,6.123859,,Point,Rue Lamartine,Limpertsberg,2,6,node/1802924612,#FF0000,
49.623837,6.122379,,Point,Avenue du Bois,Limpertsberg,2,6,node/1803351608,#FF0000,
49.623996,6.122331,,Point,Avenue du Bois,Limpertsberg,2,6,node/1803351611,#FF0000,
49.624602,6.12198,,Point,Boulevard John J. Pershing,Limpertsberg,2,6,node/1803351613,#FF0000,
49.624608,6.122267,,Point,Boulevard Docteur Ernest Feltgen,Limpertsberg,10,6,node/1803351614,#FFD700,
49.629049,6.173583,,Point,Rue des Labours,Neudorf-Weimershof,12,6,node/1813875048,#FF0000,
49.629067,6.1748,,Point,Rue des Labours,Neudorf-Weimershof,2,6,node/1813875049,#FF0000,
49.629419,6.169751,,Point,Rue des Carrières,Neudorf-Weimershof,2,6,node/1813875062,#FF0000,
49.615456,6.106135,,Point,Rue Nicolas Petit,Belair,12,6,node/1835149404,#FF0000,
49.627932,6.133485,,Point,Rue de Stavelot,Weimerskirch,12,5,node/1835509840,#FF0000,
49.628592,6.135767,,Point,Rue Schetzel,Weimerskirch,10,6,node/1835509850,#FFD700,
49.592159,6.121479,,Point,Rue de Gasperich,Gasperich,2,6,node/1961091828,#FF0000,
49.602348,6.116829,,Point,Rue Raymond Poincaré,Hollerich,2,6,node/1961168841,#FF0000,
49.60245,6.117003,,Point,Rue Raymond Poincaré,Hollerich,2,6,node/1961168864,#FF0000,
49.631807,6.177562,,Point,Rue Joseph Leydenbach,Neudorf-Weimershof,2,6,node/1993983590,#FF0000,
49.623639,6.16068,,Point,Rue des Muguets,Neudorf-Weimershof,0,6,node/2006188027,#FFD700,
49.623623,6.160856,,Point,Rue des Marguerites,Neudorf-Weimershof,2,6,node/2006188036,#FF0000,
49.623756,6.160867,,Point,Rue des Muguets,Neudorf-Weimershof,2,6,node/2006188040,#FF0000,
49.623756,6.160731,,Point,Rue des Marguerites,Neudorf-Weimershof,0,6,node/2006188043,#FFD700,
49.626579,6.163884,,Point,Rue des Muguets,Neudorf-Weimershof,0,6,node/2006188051,#FFD700,
49.627483,6.164899,,Point,Rue des Muguets,Neudorf-Weimershof,2,6,node/2006188082,#FF0000,
49.619898,6.12617,,Point,Rue des Glacis,Limpertsberg,2,6,node/2019936757,#FF0000,
49.620747,6.129609,,Point,Rue des Glacis,Limpertsberg,2,6,node/2019936760,#FF0000,
49.620855,6.129373,,Point,Ancienne Côte d'Eich,Limpertsberg,12,5,node/2019936762,#FF0000,
49.621408,6.126799,,Point,Rue Guillaume Schneider,Limpertsberg,2,6,node/2019936783,#FF0000,
49.59038,6.140957,,Point,Rue de Neufchâteau,Bonnevoie,2,6,node/2056803114,#FF0000,
49.596991,6.137303,,Point,Rue des Ardennes,Bonnevoie,2,6,node/2056803215,#FF0000,
49.597028,6.136971,,Point,Rue des Ardennes,Bonnevoie,0,6,node/2056803216,#FFD700,
49.597099,6.137151,,Point,Rue Sigismond,Bonnevoie,12,6,node/2056803217,#FF0000,
49.597112,6.134608,,Point,Dernier Sol,Bonnevoie,0,6,node/2056803218,#FFD700,
49.597534,6.135016,,Point,Rue du Puits,Bonnevoie,12,6,node/2056803220,#FF0000,
49.603022,6.129021,,Point,Rue Sainte-Zithe,Gare,2,6,node/2128284390,#FF0000,
49.603937,6.129518,,Point,Rue Sainte-Zithe,Gare,2,6,node/2128284513,#FF0000,
49.596462,6.144557,,Point,Rue des Prés,Bonnevoie,0,6,node/2149813104,#FFD700,
49.596643,6.144432,,Point,Rue des Prés,Bonnevoie,0,6,node/2149813116,#FFD700,
49.596764,6.146096,,Point,Rue Jean-François Gangler,Bonnevoie,12,5,node/2149813124,#FF0000,
49.596877,6.147618,,Point,Rue Nicolas Martha,Bonnevoie,2,6,node/2149813133,#FF0000,
49.597048,6.147542,,Point,Rue Nicolas Martha,Bonnevoie,2,6,node/2149813147,#FF0000,
49.597471,6.141523,,Point,Rue Pierre Krier,Bonnevoie,2,6,node/2149813171,#FF0000,
49.597505,6.147284,,Point,Rue Nicolas Martha,Bonnevoie,2,6,node/2149813172,#FF0000,
49.597568,6.147094,,Point,Rue Tony Dutreux,Bonnevoie,2,6,node/2149813173,#FF0000,
49.597608,6.147341,,Point,Rue Tony Dutreux,Bonnevoie,2,6,node/2149813174,#FF0000,
49.597678,6.147181,,Point,Rue Nicolas Martha,Bonnevoie,2,6,node/2149813175,#FF0000,
49.601127,6.137686,,Point,Rue des Gaulois,Verlorenkost,0,6,node/2149813225,#FFD700,
49.60123,6.137728,,Point,Rue Pierre Hentges,Verlorenkost,0,6,node/2149813226,#FFD700,
49.61866,6.099938,,Point,Rue Michel Engels,Rollingergrund,2,6,node/2154033746,#FF0000,
49.619765,6.120128,,Point,Avenue Pasteur,Limpertsberg,2,6,node/2187358103,#FF0000,
49.61981,6.120336,,Point,Rue Antoine Zinnen,Limpertsberg,2,6,node/2187358107,#FF0000,
49.620305,6.119091,,Point,Avenue Pasteur,Limpertsberg,2,6,node/2187358213,#FF0000,
49.622234,6.117037,,Point,Avenue Pasteur,Limpertsberg,2,6,node/2187358277,#FF0000,
49.617361,6.115622,,Point,Rue Jean-François Boch,Ville-Haute,10,6,node/2220046241,#FFD700,
49.612387,6.143468,,Point,Rue de la Tour Jacob,Clausen,0,6,node/2239536063,#FFD700,
49.592032,6.127002,,Point,Mühlenweg,Gasperich,2,6,node/2252612957,#FF0000,
49.61116,6.140512,,Point,Rue de la Tour Jacob,Clausen,0,6,node/2258844162,#FFD700,
49.620477,6.14962,,Point,Rue du Fort Thüngen,Kirchberg,0,6,node/2258853063,#FFD700,
49.608289,6.129492,,Point,,Clausen,0,6,node/2269889360,#FFD700,
49.643785,6.1293,,Point,Rue de Beggen,Beggen,2,6,node/2285138071,#FF0000,
49.643902,6.129408,,Point,Rue Cyprien Merjai,Beggen,12,6,node/2285138072,#FF0000,
49.632624,6.135978,,Point,Route d'Echternach,Eich,0,6,node/2288153804,#FFD700,
49.645482,6.126936,,Point,Rue de Beggen,Beggen,2,6,node/2302715679,#FF0000,
49.608545,6.107711,,Point,Rue Astrid,Belair,2,6,node/2339733171,#FF0000,
49.598606,6.149567,,Point,Rue d'Itzig,Bonnevoie,12,6,node/2345071618,#FF0000,
49.598735,6.149278,,Point,Rue Pierre Krier,Bonnevoie,12,6,node/2345071621,#FF0000,
49.598757,6.149713,,Point,Rue Anatole France,Bonnevoie,2,6,node/2345071623,#FF0000,
49.623044,6.131218,,Point,Rue Michel Hülsemann,Pfaffenthal,2,6,node/2347242828,#FF0000,
49.621899,6.126861,,Point,Rue des Cerisiers,Limpertsberg,12,6,node/2349832539,#FF0000,
49.5983,6.118038,,Point,Rue Baudouin,Hollerich,2,6,node/2361065052,#FF0000,
49.59783,6.144042,,Point,Rue Pierre Krier,Bonnevoie,12,6,node/2500103036,#FF0000,
49.625444,6.1202,,Point,Rue de l'Avenir,Limpertsberg,2,6,node/2500103038,#FF0000,
49.632356,6.167475,,Point,Rue Jean Monnet,Kirchberg,2,6,node/2559011566,#FF0000,
49.617313,6.163654,,Point,Rue Léon Kauffman,Cents,0,6,node/2668775790,#FFD700,
49.590919,6.141521,,Point,Rue du Cimetière,Bonnevoie,12,6,node/2728590977,#FF0000,
49.621822,6.129167,,Point,Rue des Glacis,Limpertsberg,12,5,node/2846819592,#FF0000,
49.597543,6.141681,,Point,Place du Parc,Bonnevoie,2,6,node/2894509163,#FF0000,
49.597704,6.14393,,Point,Rue des Prés,Bonnevoie,2,6,node/2894509164,#FF0000,
49.597853,6.14158,,Point,Place du Parc,Bonnevoie,2,6,node/2894509165,#FF0000,
49.597902,6.141385,,Point,Rue du Parc,Bonnevoie,2,6,node/2894509166,#FF0000,
49.598026,6.14475,,Point,Rue Émile Duployé,Bonnevoie,2,6,node/2894509167,#FF0000,
49.593137,6.14877,,Point,Rue Nicolas Martha,Bonnevoie,2,6,node/2894555885,#FF0000,
49.596502,6.150181,,Point,Rue Michel Gehrend,Bonnevoie,2,6,node/2894556314,#FF0000,
49.623605,6.146265,,Point,Rue Albert Wehrer,Kirchberg,0,6,node/2898677988,#FFD700,
49.598019,6.132243,,Point,Pont Jean-Pierre Buchler,Gare,0,6,node/2899319558,#FFD700,
49.589411,6.125859,,Point,Rue Christophe Colomb,Gasperich,2,6,node/2925751700,#FF0000,
49.599572,6.132988,,Point,Place de la Gare,Gare,10,6,node/3205936463,#FFD700,
49.598185,6.13257,,Point,,Gare,0,6,node/3205936470,#FFD700,
49.598198,6.132549,,Point,,Gare,0,6,node/3205936471,#FFD700,
49.635131,6.134237,,Point,Rue de Beggen,Beggen,12,6,node/3344932250,#FF0000,
49.637967,6.132146,,Point,Rue de Beggen,Beggen,2,6,node/3344932251,#FF0000,
49.641734,6.130262,,Point,Rue de Beggen,Beggen,2,6,node/3344932255,#FF0000,
49.648122,6.127835,,Point,Rue de Beggen,Beggen,2,6,node/3344932260,#FF0000,
49.593407,6.139082,,Point,Rue Saint-Willibrord,Bonnevoie,0,6,node/3400421030,#FFD700,
49.592321,6.140089,,Point,Rue de Clervaux,Bonnevoie,0,6,node/3400421038,#FFD700,
49.613278,6.126098,,Point,Avenue Amélie,Ville-Haute,0,6,node/3407588910,#FFD700,
49.612269,6.118746,,Point,Rue Jean-Pierre Brasseur,Ville-Haute,2,6,node/3448544252,#FF0000,
49.601198,6.11962,,Point,Rue Antoine Meyer,Hollerich,2,6,node/3457429057,#FF0000,
49.60248,6.120309,,Point,Rue des Girondins,Hollerich,2,6,node/3457429066,#FF0000,
49.620515,6.1808,,Point,Rue Pierre Kohner,Cents,2,5,node/3544465960,#FF0000,
49.619795,6.178051,,Point,Op der Heed,Cents,2,5,node/3544465970,#FF0000,
49.609401,6.097479,,Point,Rue des Aubépines,Merl,0,5,node/3609011489,#FFD700,
49.62646,6.151618,,Point,Rue Léon Hengen,Kirchberg,0,5,node/3609199305,#FFD700,
49.620689,6.139361,,Point,Boulevard Konrad Adenauer,Kirchberg,12,5,node/3609255708,#FF0000,
49.6207,6.139312,,Point,Boulevard Konrad Adenauer,Kirchberg,12,5,node/3609255709,#FF0000,
49.626552,6.151662,,Point,Rue Léon Hengen,Kirchberg,2,5,node/3609255765,#FF0000,
49.619132,6.121386,,Point,Avenue Pasteur,Limpertsberg,2,5,node/3762454003,#FF0000,
49.61902,6.121441,,Point,Rue Henri VII,Limpertsberg,2,5,node/3762454004,#FF0000,
49.619026,6.121749,,Point,Avenue Pasteur,Limpertsberg,2,5,node/3762454005,#FF0000,
49.619244,6.116911,,Point,Avenue de la Faïencerie,Limpertsberg,2,5,node/3762454011,#FF0000,
49.636067,6.174472,,Point,,Kirchberg,0,5,node/3812356512,#FFD700,
49.631651,6.177688,,Point,Boulevard Pierre Werner,Neudorf-Weimershof,2,5,node/3817651317,#FF0000,
49.638108,6.131902,,Point,Rue Henri Heymanns,Beggen,12,5,node/3880845359,#FF0000,
49.611424,6.141429,,Point,Rue de la Tour Jacob,Clausen,0,5,node/4057351186,#FFD700,
49.621541,6.11337,,Point,Rue Léandre Lacroix,Limpertsberg,10,5,node/4144003502,#FFD700,
49.608262,6.111794,,Point,Rue Bernard Haal,Belair,2,5,node/4196740708,#FF0000,
49.590225,6.106225,,Point,Rue de Cessange,Cessange,2,5,node/4354413302,#FF0000,
49.628645,6.173948,,Point,Rue André Vésale,Neudorf-Weimershof,2,5,node/4384664812,#FF0000,
49.598864,6.104713,,Point,Rue de Bouillon,Hollerich,2,5,node/4757303110,#FF0000,
49.61488,6.128665,,Point,Avenue Jean-Pierre Pescatore,Ville-Haute,2,6,node/4846432671,#FF0000,
49.612161,6.097572,,Point,Rue des Aubépines,Merl,2,6,node/4918200027,#FF0000,
49.606673,6.137115,,Point,Rue de Prague,Grund,0,5,node/4924214655,#FFD700,
49.603218,6.134302,,Point,Rue Bender,Gare,12,6,node/4930187426,#FF0000,
49.603034,6.134197,,Point,Rue de Bonnevoie,Gare,12,6,node/4930187534,#FF0000,
49.619862,6.151912,,Point,Rue des Muguets,Neudorf-Weimershof,2,5,node/5243194370,#FF0000,
49.6111,6.142988,,Point,Rue de Trèves,Grund,12,5,node/5243223651,#FF0000,
49.612735,6.139849,,Point,Montée de Clausen,Clausen,2,5,node/5243223654,#FF0000,
49.634476,6.16974,,Point,Rue Carlo Hemmer,Kirchberg,12,5,node/5245735227,#FF0000,
49.634326,6.138644,,Point,Rue du Château,Dommeldange,2,5,node/5248110493,#FF0000,
49.635522,6.14381,,Point,Route d'Echternach,Dommeldange,0,5,node/5248110932,#FFD700,
49.588057,6.116122,,Point,Route d'Esch,Gasperich,2,5,node/5253128179,#FF0000,
49.586911,6.118143,,Point,,Gasperich,0,10,node/5307220852,#FFD700,
49.580035,6.116132,,Point,Rue Émile Bian,Gasperich,2,10,node/5307221043,#FF0000,
49.635191,6.138422,,Point,Rue Nicolas Hein,Dommeldange,2,5,node/5376621107,#FF0000,
49.621539,6.117546,,Point,Rue Evrard Ketten,Limpertsberg,2,9,node/5415221547,#FF0000,
49.582938,6.123326,,Point,Boulevard Friedrich Wilhelm Raiffeisen,Gasperich,2,10,node/5424145329,#FF0000,
49.583366,6.123145,,Point,Boulevard de Kockelscheuer,Gasperich,0,9,node/5424145335,#FFD700,
49.618918,6.102424,,Point,Rue Michel Engels,Rollingergrund,2,10,node/5442395600,#FF0000,
49.636581,6.174898,,Point,Rue Hugo Gernsback,Kirchberg,10,10,node/5442902356,#FFD700,
49.635966,6.175317,,Point,Rue Hugo Gernsback,Kirchberg,0,10,node/5442902373,#FFD700,
49.635891,6.175185,,Point,Rue Hugo Gernsback,Kirchberg,0,8,node/5442902376,#FFD700,
49.628597,6.16249,,Point,Rue Albert Borschette,Kirchberg,12,11,node/5467310642,#FF0000,
49.618859,6.141315,,Point,,Kirchberg,0,13,node/5573513437,#FFD700,
49.618532,6.097243,,Point,Rue Pierre Federspiel,Rollingergrund,12,8,node/5756418501,#FF0000,
49.627739,6.107457,,Point,Rue de Rollingergrund,Muhlenbach,12,8,node/5792603229,#FF0000,
49.62796,6.107431,,Point,Rue de Rollingergrund,Muhlenbach,12,8,node/5792603230,#FF0000,
49.600176,6.126781,,Point,Rue des États-Unis,Gare,12,10,node/5796531840,#FF0000,
49.584807,6.118428,,Point,Rue Robert Stumper,Gasperich,0,11,node/5809269359,#FFD700,
49.584818,6.118062,,Point,Rue Robert Stumper,Gasperich,0,6,node/5809269361,#FFD700,
49.622976,6.116066,,Point,Rue Léandre Lacroix,Limpertsberg,12,6,node/5893140522,#FF0000,
49.60624,6.127302,,Point,,Clausen,2,6,node/5991636125,#FF0000,
49.606937,6.126733,,Point,,Clausen,0,6,node/5991636126,#FFD700,
49.603736,6.125276,,Point,Rue Adolphe Fischer,Gare,2,6,node/5991636127,#FF0000,
49.598392,6.129241,,Point,Rue du Fort Wedell,Gare,12,5,node/5991636130,#FF0000,
49.599102,6.142617,,Point,Rue Auguste Charles,Bonnevoie,12,5,node/6028550609,#FF0000,
49.606834,6.129457,,Point,Rue Goethe,Gare,2,6,node/6028550611,#FF0000,
49.6091,6.125232,,Point,Avenue Marie-Thérèse,Ville-Haute,0,7,node/6028550612,#FFD700,
49.621682,6.117803,,Point,Rue Michel Lentz,Limpertsberg,2,8,node/6028550613,#FF0000,
49.623004,6.119507,,Point,Rue Michel Lentz,Limpertsberg,2,8,node/6028550614,#FF0000,
49.620876,6.182917,,Point,Rue Cents,Cents,2,6,node/6069810411,#FF0000,
49.596449,6.152334,,Point,Boulevard Kaltreis,Bonnevoie,12,6,node/6069810414,#FF0000,
49.59838,6.146902,,Point,Rue Pierre Krier,Bonnevoie,2,6,node/6069810416,#FF0000,
49.602861,6.140285,,Point,Rue du Verger,Verlorenkost,0,6,node/6069810417,#FFD700,
49.598544,6.141326,,Point,Rue de Carignan,Bonnevoie,2,5,node/6070606028,#FF0000,
49.60146,6.142402,,Point,Rue des Romains,Verlorenkost,2,5,node/6070606031,#FF0000,
49.602075,6.142053,,Point,Rue Félix de Blochausen,Verlorenkost,2,5,node/6070606032,#FF0000,
49.594224,6.148435,,Point,Rue Nicolas Martha,Bonnevoie,2,6,node/6070606033,#FF0000,
49.5846,6.127216,,Point,Boulevard de Kockelscheuer,Gasperich,0,6,node/6070762343,#FFD700,
49.583116,6.126933,,Point,Boulevard de Kockelscheuer,Gasperich,2,6,node/6070762364,#FF0000,
49.582695,6.127635,,Point,Boulevard de Kockelscheuer,Gasperich,2,6,node/6070762806,#FF0000,
49.613476,6.11928,,Point,Rue de Rollingergrund,Belair,10,6,node/6070814735,#FFD700,
49.606692,6.118163,,Point,Avenue Guillaume,Belair,12,6,node/6080859309,#FF0000,
49.594986,6.144079,,Point,Rue de Pont-Remy,Bonnevoie,12,6,node/6080859315,#FF0000,
49.584986,6.123148,,Point,,Gasperich,0,6,node/6080954597,#FFD700,
49.584776,6.123503,,Point,,Gasperich,0,6,node/6080954598,#FFD700,
49.616819,6.120965,,Point,Avenue de la Faïencerie,Limpertsberg,0,5,node/6306689612,#FFD700,
49.61394,6.15412,,Point,Tawioun,Cents,12,10,node/6375074213,#FF0000,
49.620435,6.119102,,Point,Rue Ermesinde,Limpertsberg,2,10,node/6413796895,#FF0000,
49.633328,6.171262,,Point,Rue Carlo Hemmer,Kirchberg,0,11,node/6435513245,#FFD700,
49.633999,6.170406,,Point,Rue Carlo Hemmer,Kirchberg,12,11,node/6435513246,#FF0000,
49.594032,6.148496,,Point,Rue Nicolas Martha,Bonnevoie,2,11,node/6468728683,#FF0000,
49.590867,6.103108,,Point,Rue du Neuf Septembre 1867,Cessange,2,6,node/6615224298,#FF0000,
49.638288,6.141662,,Point,Montée de Dommeldange,Dommeldange,12,5,node/6746626746,#FF0000,
49.578777,6.120171,,Point,Boulevard de Kockelscheuer,Gasperich,0,6,node/6952356363,#FFD700,
49.578742,6.120656,,Point,Boulevard de Kockelscheuer,Gasperich,0,6,node/6959666581,#FFD700,
49.579875,6.122,,Point,Rue Isaac Newton,Gasperich,0,6,node/6959700403,#FFD700,
49.581506,6.122266,,Point,Rue Gerhard Mercator,Gasperich,0,6,node/6959700449,#FFD700,
49.576545,6.11215,,Point,Route d'Esch,Gasperich,0,6,node/6967151677,#FFD700,
49.576556,6.111992,,Point,Route d'Esch,Gasperich,0,6,node/6967151678,#FFD700,
49.584406,6.118721,,Point,Rue Robert Stumper,Gasperich,0,6,node/6974216491,#FFD700,
49.584532,6.118745,,Point,Rue Robert Stumper,Gasperich,0,6,node/6974216492,#FFD700,
49.580013,6.118883,,Point,Rue Émile Bian,Gasperich,0,6,node/6974216546,#FFD700,
49.580041,6.118525,,Point,Rue Émile Bian,Gasperich,0,6,node/6974216549,#FFD700,
49.581286,6.118138,,Point,Rue Robert Stumper,Gasperich,0,6,node/6974216552,#FFD700,
49.581783,6.11875,,Point,Rue Hildegard von Bingen,Gasperich,0,6,node/6974216559,#FFD700,
49.581776,6.118842,,Point,Rue Hildegard von Bingen,Gasperich,0,6,node/6974216562,#FFD700,
49.581908,6.118803,,Point,Rue Hildegard von Bingen,Gasperich,0,6,node/6974216566,#FFD700,
49.581875,6.119181,,Point,Rue Hildegard von Bingen,Gasperich,0,6,node/6974216573,#FFD700,
49.584337,6.118708,,Point,Rue Robert Stumper,Gasperich,0,6,node/6974216579,#FFD700,
49.58395,6.118634,,Point,Rue Robert Stumper,Gasperich,0,6,node/6974216582,#FFD700,
49.582885,6.11843,,Point,Rue Robert Stumper,Gasperich,0,6,node/6974216589,#FFD700,
49.582516,6.11836,,Point,Rue Robert Stumper,Gasperich,0,6,node/6974216598,#FFD700,
49.584664,6.123376,,Point,Rue Charles Darwin,Gasperich,0,6,node/6974216613,#FFD700,
49.614396,6.1644,,Point,Beim Fetschebuer,Hamm,0,6,node/7036475978,#FFD700,
49.597439,6.131533,,Point,Rue Wenceslas 1er,Gare,0,5,node/7041798665,#FFD700,
49.586022,6.118428,,Point,Boulevard Friedrich Wilhelm Raiffeisen,Gasperich,0,5,node/7042068870,#FFD700,
49.574067,6.113158,,Point,Route de Bettembourg,Gasperich,2,5,node/7044723606,#FF0000,
49.612405,6.125009,,Point,Avenue Émile Reuter,Ville-Haute,0,5,node/7074588532,#FFD700,
49.613817,6.119243,,Point,Rue Jean-François Boch,Ville-Haute,0,5,node/7080431103,#FFD700,
49.583789,6.122145,,Point,Boulevard Friedrich Wilhelm Raiffeisen,Gasperich,0,5,node/7090993765,#FFD700,
49.61945,6.157772,,Point,Rue de Neudorf,Clausen,0,5,node/7096814291,#FFD700,
49.602024,6.100461,,Point,Rue de Merl,Merl,0,5,node/7098105644,#FFD700,
49.601525,6.104114,,Point,Nouvelle route d'Esch,Hollerich,0,5,node/7098110923,#FFD700,
49.6179,6.125356,,Point,Rue des Glacis,Limpertsberg,0,5,node/7296738145,#FFD700,
49.617909,6.125397,,Point,Rue des Glacis,Limpertsberg,0,5,node/7296738146,#FFD700,
49.636828,6.17828,,Point,N 51A,Kirchberg,0,5,node/7296750186,#FFD700,
49.584592,6.120679,,Point,Boulevard Friedrich Wilhelm Raiffeisen,Gasperich,2,5,node/7324957974,#FF0000,
49.583385,6.125669,,Point,Rue Albert Einstein,Gasperich,0,5,node/7397540413,#FFD700,
49.610933,6.126928,,Point,,Ville-Haute,0,5,node/7653160195,#FFD700,
49.59529,6.13296,,Point,Rocade de Bonnevoie,Bonnevoie,0,5,node/7877767763,#FFD700,
49.595243,6.133359,,Point,Rocade de Bonnevoie,Bonnevoie,0,5,node/7877767764,#FFD700,
49.637463,6.171862,,Point,Circuit de la Foire Internationale,Kirchberg,0,5,node/7939768828,#FFD700,
49.637507,6.171879,,Point,Circuit de la Foire Internationale,Kirchberg,0,5,node/7939768829,#FFD700,
49.622548,6.15392,,Point,Avenue John F. Kennedy,Kirchberg,0,5,node/7965980045,#FFD700,
49.62287,6.154727,,Point,Avenue John F. Kennedy,Kirchberg,0,5,node/7965980046,#FFD700,
49.623412,6.155978,,Point,Avenue John F. Kennedy,Kirchberg,0,5,node/7965980048,#FFD700,
49.624143,6.157527,,Point,Avenue John F. Kennedy,Kirchberg,0,5,node/7965980050,#FFD700,
49.610765,6.12636,,Point,,Ville-Haute,0,5,node/7968567845,#FFD700,
49.611429,6.126267,,Point,Boulevard Royal,Ville-Haute,0,5,node/7968567847,#FFD700,
49.621104,6.183657,,Point,Rue Cents,Cents,0,5,node/7970775549,#FFD700,
49.60724,6.127891,,Point,Avenue de la Liberté,Gare,0,5,node/8042417020,#FFD700,
49.584399,6.120403,,Point,Boulevard Friedrich Wilhelm Raiffeisen,Gasperich,2,5,node/8186236749,#FF0000,
49.623599,6.143472,,Point,,Kirchberg,0,5,node/8308923119,#FFD700,
49.598242,6.132413,,Point,Rue de Hollerich,Gare,0,5,node/8569285144,#FFD700,
49.598258,6.132421,,Point,Rue de Hollerich,Gare,0,5,node/8569285145,#FFD700,
49.606072,6.127268,,Point,,Clausen,2,6,node/8594731116,#FF0000,
49.606042,6.127492,,Point,,Clausen,2,6,node/8594733317,#FF0000,
49.611283,6.118533,,Point,Place Winston Churchill,Ville-Haute,2,6,node/8618813138,#FF0000,
49.575752,6.117915,,Point,Boulevard de Kockelscheuer,Gasperich,0,5,node/8724313168,#FFD700,
49.575787,6.118071,,Point,Boulevard de Kockelscheuer,Gasperich,0,5,node/8724313169,#FFD700,
49.6089185,6.1507908,,Point,Val de Hamm,Hamm,12,1,node/1740533042,#FF0000,Manually added and verified per citizen request on 09/11/2021
